,calories,protein,fat,sodium,fiber,carbo,sugars,potass,vitamins,weight,cups
0,110.9090909090909,1.5454545454545452,1.0454545454545454,170.0,0.5909090909090915,12.5,11.318181818181817,49.71212121212122,24.999999999999996,1.0,0.8695454545454545
1,105.38461538461539,2.6923076923076925,0.46153846153846145,240.76923076923077,1.076923076923077,19.384615384615387,2.999999999999999,60.38461538461538,25.0,1.0,1.0292307692307692
2,131.11111111111111,3.0,1.4444444444444444,194.44444444444446,3.833333333333333,15.055555555555555,11.11111111111111,181.11111111111111,33.333333333333336,1.35,0.7055555555555556
3,84.0,2.5,0.09999999999999998,9.499999999999972,2.0,15.9,2.1000000000000005,91.36666666666667,10.0,0.883,0.864
4,63.333333333333336,4.0,0.6666666666666666,176.66666666666666,11.0,6.666666666666666,3.6666666666666665,310.0,25.0,1.0,0.38666666666666666
5,112.0,2.6,0.8,212.0,1.4,18.8,4.8,69.0,100.0,1.06,0.95
6,102.5,3.25,1.5,144.16666666666666,3.0166666666666666,13.69188596491228,5.585526315789474,118.75,22.916666666666664,1.0,0.5675000000000001
7,140.0,3.666666666666667,3.666666666666667,86.66666666666667,2.6666666666666665,13.333333333333334,10.0,158.33333333333331,16.666666666666664,1.0,1.0
